checked_at_utc,model,shop,country,price,currency,vat,stock,updated,source_url
2026-10-01T05:11:22+00:00,JA Solar JAM54D40-465/LB,Solar-EM,Poland,346.00,PLN,,In stock,yesterday,https://comparepv.com/panel/ja-solar-jam54d40-465-lb
2026-10-01T05:11:22+00:00,JA Solar JAM54D40-465/LB,Megawat Elektrohurt,Poland,346.28,PLN,,In stock,yesterday,https://comparepv.com/panel/ja-solar-jam54d40-465-lb
2026-10-01T05:11:22+00:00,JA Solar JAM54D40-465/LB,PVhurt,Poland,350.00,PLN,,Not stated,5h ago,https://comparepv.com/panel/ja-solar-jam54d40-465-lb
2026-10-01T05:11:22+00:00,JA Solar JAM54D40-465/LB,pvsklep.pl,Poland,350.00,PLN,,In stock,yesterday,https://comparepv.com/panel/ja-solar-jam54d40-465-lb
2026-10-01T05:11:22+00:00,JA Solar JAM54D40-465/LB,Solmix,Poland,393.50,PLN,,In stock,6h ago,https://comparepv.com/panel/ja-solar-jam54d40-465-lb
2026-10-01T05:11:22+00:00,JA Solar JAM54D40-465/LB,tienda-solar.es,Spain,91.85,EUR,,In stock,yesterday,https://comparepv.com/panel/ja-solar-jam54d40-465-lb
2026-10-01T05:11:22+00:00,JA Solar JAM54D40-465/LR,Megawat Elektrohurt,Poland,330.04,PLN,,In stock,yesterday,https://comparepv.com/panel/ja-solar-jam54d40-465-lr
2026-10-01T05:11:22+00:00,JA Solar JAM54D40-465/LR,Solar-EM,Poland,331.00,PLN,,In stock,yesterday,https://comparepv.com/panel/ja-solar-jam54d40-465-lr
2026-10-01T05:11:22+00:00,JA Solar JAM54D40-465/LR,www.actec-solar.de,Germany,78.90,EUR,,In stock,6h ago,https://comparepv.com/panel/ja-solar-jam54d40-465-lr
2026-10-01T05:11:22+00:00,JA Solar JAM54D40-465/LR,www.winkelman-zonnepanelen.nl,Netherlands,79.00,EUR,,In stock,6h ago,https://comparepv.com/panel/ja-solar-jam54d40-465-lr
2026-10-01T05:11:22+00:00,JA Solar JAM54D40-460/LB,Megawat Elektrohurt,Poland,321.03,PLN,,In stock,yesterday,https://comparepv.com/panel/ja-solar-jam54d40-460-lb-1
2026-10-01T05:11:22+00:00,JA Solar JAM54D40-460/LB,Eco System Projekt,Poland,350.00,PLN,,In stock,6h ago,https://comparepv.com/panel/ja-solar-jam54d40-460-lb-1
2026-10-01T05:11:22+00:00,JA Solar JAM54D40-460/LB,PVhurt,Poland,363.76,PLN,,Not stated,5h ago,https://comparepv.com/panel/ja-solar-jam54d40-460-lb-1
2026-10-01T05:11:22+00:00,JA Solar JAM54D40-460/LB,pvsklep.pl,Poland,363.76,PLN,,In stock,yesterday,https://comparepv.com/panel/ja-solar-jam54d40-460-lb-1
2026-10-01T05:11:22+00:00,JA Solar JAM54D40-460/LB,Solaris Energy,Poland,369.00,PLN,,In stock,yesterday,https://comparepv.com/panel/ja-solar-jam54d40-460-lb-1
2026-10-01T05:11:22+00:00,JA Solar JAM54D40-460/LB,SolarStock,Italy,76.62,EUR,,In stock,6h ago,https://comparepv.com/panel/ja-solar-jam54d40-460-lb-1
2026-10-01T05:11:22+00:00,JA Solar JAM54D40-460/LB,solar-haus.de,Germany,70.00,EUR,,In stock,yesterday,https://comparepv.com/panel/ja-solar-jam54d40-460-lb-1
2026-10-01T05:11:22+00:00,JA Solar JAM54D40-460/LB,pvshop.eu,Germany,73.27,EUR,,In stock,16h ago,https://comparepv.com/panel/ja-solar-jam54d40-460-lb-1
2026-10-01T05:11:22+00:00,JA Solar JAM54D40-460/LR,www.actec-solar.de,Germany,79.90,EUR,,In stock,6h ago,https://comparepv.com/panel/ja-solar-jam54d40-460-lr
